domainId,instanceId,feature0,feature1,feature2,feature3,feature4,feature5,pred,actual,intercept,coef_0,coef_1,coef_2,coef_3,coef_4,coef_5,linear_pred,subject_actual
0.0,0.0,1.5,0.91,4.0,7.0,2.3356674,106.0,504.6,605.0,375.1563554486962,0,18.57980191578307,20,0.0,-5.400852829160408,0.0,459.5,653.8
1.0,0.0,166.514,9.0,15.6,0.0,0.0,nan,4.3,4.2,2.4802814883924613,0.000628731126277503,0.05714285714285714,0.024844720496894422,0.02857142857142857,0.05714285714285714,,3.486837377190701,4.2
2.0,0.0,1.0,3.0,1.0,17.0,2.0,9.0,36.3,48.3,41.64705882352941,0.0,0.0,0.2,0.0,0,0.1764705882352941,43.411764705882355,48.3
