domainId,instanceId,feature0,feature1,feature2,feature3,feature4,feature5,pred,actual,intercept,coef_0,coef_1,coef_2,coef_3,coef_4,coef_5,linear_pred,subject_actual
0.0,0.0,2.25,2.07,4.0,8.0,14.042859,29.0,509.2,365.0,-348.01646831351275,-16.835142426502884,387.45589489549207,0.0,0.0,-0.012502443543027653,0.0,415.9625936086941,365.0
0.0,1.0,3.0,2.9,5.0,8.0,5.4705296,38.0,982.0,865.0,1441.107067437676,-140.5463826921888,119.94040926878762,0.0,0.0,-67.91626719127473,-7.175136100691347,723.1019844229453,865.0
0.0,2.0,2.5,3.77,3.0,11.0,9.92551,18.0,1015.3,1038.0,925.0,0.0,0.0,0.0,0.0,0.0,0.0,925.0,1038.0
