domainId,instanceId,feature0,feature1,feature2,feature3,feature4,feature5,pred,actual
0,0,2.25,2.07,4.0,8.0,14.042859,29.0,509.2,365.0
0,1,3.0,2.9,5.0,8.0,5.4705296,38.0,982.0,865.0
0,2,2.5,3.77,3.0,11.0,9.92551,18.0,1015.3,1038.0
1,0,420.885,0.0,18.3,4.0,0.0,,6.3,6.9
1,1,56.343,0.0,23.9,22.0,0.0,,3.7,3.0
2,0,1.0,4.0,11.0,17.0,1.0,14.0,81.0,45.1
2,1,1.0,4.0,1.0,13.0,6.0,59.0,16.8,4.3
2,2,1.0,1.0,6.0,13.0,2.0,10.0,54.4,48.1