domainId,instanceId,feature0,feature1,feature2,feature3,feature4,feature5,pred,actual
0,0,1.75,2.24,5.0,8.0,19.468977,39.0,516.0,550.0
0,1,2.5,1.77,3.0,7.0,21.165117,10.0,321.8,316.5
0,2,3.0,2.09,3.0,7.0,17.274118,29.0,401.0,338.0
1,0,420.885,0.0,18.3,4.0,0.0,,6.5,6.9
1,1,56.343,0.0,23.9,22.0,1.0,,4.0,3.0
1,2,148.032,0.0,17.8,4.0,4.0,,4.5,4.4
2,0,2.0,5.0,14.0,22.0,2.0,17.0,82.1,85.9
2,1,2.0,6.0,14.0,0.0,6.0,1.0,112.7,99.1
2,2,0.0,5.0,8.0,13.0,7.0,40.0,76.4,81.7